[
{
  "model": "courses.skill",
  "pk": 1,
  "fields": {
    "name": "Деловое общение",
    "description": "Привет! \r\n\r\nМеня зовут Маша, я руковожу программой “Детский форсайт”. Вместе с участниками мы создаем проекты, направленные на развитие наших городов и школ. Причем здесь деловое общение? Ежедневно, реализуя проекты, мы сталкиваемся с партнерами, экспертами, спикерами, администрацией городов и руководителями компаний. Мы убеждены, что без навыков деловой коммуникации ни один диалог не сможет состояться, а желаемые цели не смогут быть достигнуты. А вы, друзья, уверена, в той или иной степени тоже применяете этот навык ежедневно. \r\n\r\nДавайте вместе прокачаем навык деловой коммуникации и научимся применять его в жизни и работе!",
    "who_created": "Маша",
    "file": null,
    "quantity_of_levels": 4
  }
},
{
  "model": "courses.task",
  "pk": 1,
  "fields": {
    "ordinal_number": 1,
    "name": "Блок 1.",
    "skill": 1,
    "level": 1
  }
},
{
  "model": "courses.task",
  "pk": 2,
  "fields": {
    "ordinal_number": 2,
    "name": "Блок 2.",
    "skill": 1,
    "level": 2
  }
},
{
  "model": "courses.task",
  "pk": 3,
  "fields": {
    "ordinal_number": 3,
    "name": "Блок 3.",
    "skill": 1,
    "level": 3
  }
},
{
  "model": "courses.task",
  "pk": 4,
  "fields": {
    "ordinal_number": 4,
    "name": "Блок 4.",
    "skill": 1,
    "level": 4
  }
},
{
  "model": "courses.taskobject",
  "pk": 1,
  "fields": {
    "ordinal_number": 1,
    "task": 1,
    "content_type": 19,
    "object_id": 1
  }
},
{
  "model": "courses.taskobject",
  "pk": 2,
  "fields": {
    "ordinal_number": 2,
    "task": 1,
    "content_type": 21,
    "object_id": 1
  }
},
{
  "model": "courses.taskobject",
  "pk": 3,
  "fields": {
    "ordinal_number": 3,
    "task": 1,
    "content_type": 21,
    "object_id": 2
  }
},
{
  "model": "courses.taskobject",
  "pk": 4,
  "fields": {
    "ordinal_number": 4,
    "task": 1,
    "content_type": 21,
    "object_id": 3
  }
},
{
  "model": "courses.taskobject",
  "pk": 5,
  "fields": {
    "ordinal_number": 5,
    "task": 1,
    "content_type": 21,
    "object_id": 4
  }
},
{
  "model": "courses.taskobject",
  "pk": 6,
  "fields": {
    "ordinal_number": 6,
    "task": 1,
    "content_type": 21,
    "object_id": 5
  }
},
{
  "model": "courses.taskobject",
  "pk": 7,
  "fields": {
    "ordinal_number": 7,
    "task": 1,
    "content_type": 24,
    "object_id": 13
  }
},
{
  "model": "courses.taskobject",
  "pk": 8,
  "fields": {
    "ordinal_number": 8,
    "task": 1,
    "content_type": 19,
    "object_id": 2
  }
},
{
  "model": "courses.taskobject",
  "pk": 9,
  "fields": {
    "ordinal_number": 9,
    "task": 1,
    "content_type": 19,
    "object_id": 3
  }
},
{
  "model": "courses.taskobject",
  "pk": 10,
  "fields": {
    "ordinal_number": 10,
    "task": 1,
    "content_type": 19,
    "object_id": 4
  }
},
{
  "model": "courses.taskobject",
  "pk": 11,
  "fields": {
    "ordinal_number": 11,
    "task": 1,
    "content_type": 21,
    "object_id": 7
  }
},
{
  "model": "courses.taskobject",
  "pk": 12,
  "fields": {
    "ordinal_number": 12,
    "task": 1,
    "content_type": 19,
    "object_id": 5
  }
},
{
  "model": "courses.taskobject",
  "pk": 13,
  "fields": {
    "ordinal_number": 13,
    "task": 1,
    "content_type": 20,
    "object_id": 1
  }
},
{
  "model": "courses.taskobject",
  "pk": 14,
  "fields": {
    "ordinal_number": 14,
    "task": 1,
    "content_type": 24,
    "object_id": 1
  }
},
{
  "model": "courses.taskobject",
  "pk": 15,
  "fields": {
    "ordinal_number": 1,
    "task": 2,
    "content_type": 20,
    "object_id": 2
  }
},
{
  "model": "courses.taskobject",
  "pk": 16,
  "fields": {
    "ordinal_number": 2,
    "task": 2,
    "content_type": 19,
    "object_id": 6
  }
},
{
  "model": "courses.taskobject",
  "pk": 17,
  "fields": {
    "ordinal_number": 3,
    "task": 2,
    "content_type": 20,
    "object_id": 3
  }
},
{
  "model": "courses.taskobject",
  "pk": 18,
  "fields": {
    "ordinal_number": 4,
    "task": 2,
    "content_type": 19,
    "object_id": 7
  }
},
{
  "model": "courses.taskobject",
  "pk": 19,
  "fields": {
    "ordinal_number": 5,
    "task": 2,
    "content_type": 24,
    "object_id": 2
  }
},
{
  "model": "courses.taskobject",
  "pk": 20,
  "fields": {
    "ordinal_number": 6,
    "task": 2,
    "content_type": 24,
    "object_id": 3
  }
},
{
  "model": "courses.taskobject",
  "pk": 21,
  "fields": {
    "ordinal_number": 7,
    "task": 2,
    "content_type": 24,
    "object_id": 4
  }
},
{
  "model": "courses.taskobject",
  "pk": 22,
  "fields": {
    "ordinal_number": 8,
    "task": 2,
    "content_type": 24,
    "object_id": 5
  }
},
{
  "model": "courses.taskobject",
  "pk": 23,
  "fields": {
    "ordinal_number": 9,
    "task": 2,
    "content_type": 24,
    "object_id": 6
  }
},
{
  "model": "courses.taskobject",
  "pk": 24,
  "fields": {
    "ordinal_number": 10,
    "task": 2,
    "content_type": 24,
    "object_id": 7
  }
},
{
  "model": "courses.taskobject",
  "pk": 25,
  "fields": {
    "ordinal_number": 11,
    "task": 2,
    "content_type": 19,
    "object_id": 8
  }
},
{
  "model": "courses.taskobject",
  "pk": 26,
  "fields": {
    "ordinal_number": 1,
    "task": 3,
    "content_type": 21,
    "object_id": 8
  }
},
{
  "model": "courses.taskobject",
  "pk": 27,
  "fields": {
    "ordinal_number": 2,
    "task": 3,
    "content_type": 24,
    "object_id": 8
  }
},
{
  "model": "courses.taskobject",
  "pk": 28,
  "fields": {
    "ordinal_number": 3,
    "task": 3,
    "content_type": 19,
    "object_id": 9
  }
},
{
  "model": "courses.taskobject",
  "pk": 29,
  "fields": {
    "ordinal_number": 4,
    "task": 3,
    "content_type": 24,
    "object_id": 9
  }
},
{
  "model": "courses.taskobject",
  "pk": 30,
  "fields": {
    "ordinal_number": 1,
    "task": 4,
    "content_type": 24,
    "object_id": 10
  }
},
{
  "model": "courses.taskobject",
  "pk": 31,
  "fields": {
    "ordinal_number": 2,
    "task": 4,
    "content_type": 24,
    "object_id": 11
  }
},
{
  "model": "courses.taskobject",
  "pk": 32,
  "fields": {
    "ordinal_number": 3,
    "task": 4,
    "content_type": 21,
    "object_id": 9
  }
},
{
  "model": "courses.taskobject",
  "pk": 33,
  "fields": {
    "ordinal_number": 4,
    "task": 4,
    "content_type": 24,
    "object_id": 12
  }
},
{
  "model": "files.filemodel",
  "pk": "https://9215ce65-da19-44a6-ab96-9d424d6a2302.selstorage.ru/Герман Греф.webp",
  "fields": {
    "user": 1,
    "datetime_uploaded": "2024-05-22T16:43:59.637Z",
    "name": "Герман Греф",
    "extension": "webp",
    "mime_type": "image/webp",
    "size": 91544
  }
},
{
  "model": "files.filemodel",
  "pk": "https://9215ce65-da19-44a6-ab96-9d424d6a2302.selstorage.ru/Индра Нуи.webp",
  "fields": {
    "user": 1,
    "datetime_uploaded": "2024-05-22T16:44:32.164Z",
    "name": "Индра Нуи",
    "extension": "webp",
    "mime_type": "image/webp",
    "size": 205240
  }
},
{
  "model": "files.filemodel",
  "pk": "https://9215ce65-da19-44a6-ab96-9d424d6a2302.selstorage.ru/евгений касперский.webp",
  "fields": {
    "user": 1,
    "datetime_uploaded": "2024-05-22T16:43:12.115Z",
    "name": "евгений касперский",
    "extension": "webp",
    "mime_type": "image/webp",
    "size": 236176
  }
},
{
  "model": "files.filemodel",
  "pk": "https://9215ce65-da19-44a6-ab96-9d424d6a2302.selstorage.ru/кот1.webp",
  "fields": {
    "user": 1,
    "datetime_uploaded": "2024-05-22T17:19:16.326Z",
    "name": "кот1",
    "extension": "webp",
    "mime_type": "image/webp",
    "size": 156894
  }
},
{
  "model": "files.filemodel",
  "pk": "https://9215ce65-da19-44a6-ab96-9d424d6a2302.selstorage.ru/кот2.webp",
  "fields": {
    "user": 1,
    "datetime_uploaded": "2024-05-22T17:27:52.025Z",
    "name": "кот2",
    "extension": "webp",
    "mime_type": "image/webp",
    "size": 66240
  }
},
{
  "model": "files.filemodel",
  "pk": "https://9215ce65-da19-44a6-ab96-9d424d6a2302.selstorage.ru/кот3.webp",
  "fields": {
    "user": 1,
    "datetime_uploaded": "2024-05-22T17:32:13.644Z",
    "name": "кот3",
    "extension": "webp",
    "mime_type": "image/webp",
    "size": 266996
  }
},
{
  "model": "files.filemodel",
  "pk": "https://9215ce65-da19-44a6-ab96-9d424d6a2302.selstorage.ru/неформальное.webp",
  "fields": {
    "user": 1,
    "datetime_uploaded": "2024-05-22T16:53:32.881Z",
    "name": "неформальное",
    "extension": "webp",
    "mime_type": "image/webp",
    "size": 125348
  }
},
{
  "model": "files.filemodel",
  "pk": "https://9215ce65-da19-44a6-ab96-9d424d6a2302.selstorage.ru/формальное.webp",
  "fields": {
    "user": 1,
    "datetime_uploaded": "2024-05-22T16:51:57.897Z",
    "name": "формальное",
    "extension": "webp",
    "mime_type": "image/webp",
    "size": 135978
  }
},
{
  "model": "questions.questionsingleanswer",
  "pk": 1,
  "fields": {
    "text": "Часть 1: Предпочтения коммуникации",
    "description": "Как ты предпочитаешь общаться с партнерами?",
    "is_exclude": true,
    "files": []
  }
},
{
  "model": "questions.questionsingleanswer",
  "pk": 2,
  "fields": {
    "text": "Часть 1: Предпочтения коммуникации",
    "description": "Как ты представляешь свои идеи и стратегии?",
    "is_exclude": true,
    "files": []
  }
},
{
  "model": "questions.questionsingleanswer",
  "pk": 3,
  "fields": {
    "text": "Часть 2: Стиль коммуникации",
    "description": "Как ты реагируешь на критику и отрицательные отзывы?",
    "is_exclude": true,
    "files": []
  }
},
{
  "model": "questions.questionsingleanswer",
  "pk": 4,
  "fields": {
    "text": "Часть 2: Стиль коммуникации",
    "description": "Как ты представляешь себя в команде или коллективе?",
    "is_exclude": true,
    "files": []
  }
},
{
  "model": "questions.questionsingleanswer",
  "pk": 5,
  "fields": {
    "text": "Часть 3: Реакция на конфликты",
    "description": "Как ты разрешаешь конфликтные ситуации?",
    "is_exclude": true,
    "files": []
  }
},
{
  "model": "questions.questionsingleanswer",
  "pk": 7,
  "fields": {
    "text": "Задание",
    "description": "Деловая коммуникация включает в себя различные аспекты и формы взаимодействия. Выбери основные элементы деловой коммуникации:",
    "is_exclude": true,
    "files": []
  }
},
{
  "model": "questions.questionsingleanswer",
  "pk": 8,
  "fields": {
    "text": "Задание",
    "description": "Ситуация:\r\nВы с родными живете в многоквартирном доме, и недавно в вашем подъезде поселилась семья из Индии. Вы заметили, что с ними возникают некоторые недопонимания и проблемы в общении.\r\n\r\nТы поставил перед собой несколько целей:\r\n– Установить дружеские и взаимовыгодные отношения с новыми соседями\r\n– Понять и уважать культурные особенности семьи, чтобы избежать конфликтов и недоразумений\r\n– Создать гармоничную обстановку в подъезде и обеспечить комфортное соседство для всех жильцов.\r\nВыбери возможные варианты решения ситуации:",
    "is_exclude": true,
    "files": []
  }
},
{
  "model": "questions.questionsingleanswer",
  "pk": 9,
  "fields": {
    "text": "Задание",
    "description": "Давай проанализируем ответы на твои письма. Ориентируйся, что получить 1 ответ из 10 отправленных писем – абсолютно нормально. Это называется «конверсия из отправки в ответ». Выбери из списка ниже, как можно увеличить этот показатель, чтобы ответов на твои письма стало больше?",
    "is_exclude": true,
    "files": []
  }
},
{
  "model": "questions.questionconnect",
  "pk": 1,
  "fields": {
    "text": "Задание",
    "description": "Как ты мог заметить, каждая из форм делового общения может иметь формальный и неформальный подтекст. Очевидно, что переход в неформальное общение не начинается с первой буквы. Он должен быть уместным. Изучи примеры писем, определи, формальность коммуникации.",
    "files": []
  }
},
{
  "model": "questions.questionconnect",
  "pk": 2,
  "fields": {
    "text": "Задание",
    "description": "Представь, ты - ученик/ученица средней школы. Ты хочешь реализовать инициативы твоих школьных друзей и изменить свою школу. Тебе 14 лет, школьное самоуправление в вашей школе не развито. Ты пытался рассказать об идеях классному руководителю, но разговоры не увенчались успехом. Наконец удалось договориться о времени и месте встречи с директором. Но ты очень переживаешь. Расположи этапы подготовки переговоров, чтобы они состоялись удачно.",
    "files": [
      "https://9215ce65-da19-44a6-ab96-9d424d6a2302.selstorage.ru/кот1.webp"
    ]
  }
},
{
  "model": "questions.questionconnect",
  "pk": 3,
  "fields": {
    "text": "Задание",
    "description": "День X. К переговорам готовы. Ты стоишь перед кабинетом директора. Прокручиваешь план встречи. Сопоставь этапы переговоров с их основными целями:",
    "files": [
      "https://9215ce65-da19-44a6-ab96-9d424d6a2302.selstorage.ru/кот2.webp"
    ]
  }
},
{
  "model": "questions.infoslide",
  "pk": 1,
  "fields": {
    "text": "Ты точно любишь проходить тексты. Давай определим, кто ты из известных предпринимателей на основе твоих навыков делового общения.",
    "files": []
  }
},
{
  "model": "questions.infoslide",
  "pk": 2,
  "fields": {
    "text": "Если больше ответов А - \r\nТы - Евгений Касперский: Основатель и генеральный директор компании «Лаборатория Касперского», он известен своей экспертизой в области информационной безопасности и способностью четко и доступно объяснять сложные темы.",
    "files": [
      "https://9215ce65-da19-44a6-ab96-9d424d6a2302.selstorage.ru/евгений касперский.webp"
    ]
  }
},
{
  "model": "questions.infoslide",
  "pk": 3,
  "fields": {
    "text": "Если больше ответов Б - \r\nТы - Герман Греф: Глава Сбербанка. Греф выделяется своим прямолинейным и энергичным стилем общения. Он активно взаимодействует с партнерами, клиентами и общественностью, стремясь к построению прозрачных и продуктивных отношений.",
    "files": [
      "https://9215ce65-da19-44a6-ab96-9d424d6a2302.selstorage.ru/Герман Греф.webp"
    ]
  }
},
{
  "model": "questions.infoslide",
  "pk": 4,
  "fields": {
    "text": "Если больше ответов В -\r\nТы - Индра Нуи. Бывший генеральный директор PepsiCo. Нуи известна своими навыками в области эмоционального интеллекта и способностью эффективно общаться с разнообразными аудиториями, будь то сотрудники, инвесторы или общественность.",
    "files": [
      "https://9215ce65-da19-44a6-ab96-9d424d6a2302.selstorage.ru/Индра Нуи.webp"
    ]
  }
},
{
  "model": "questions.infoslide",
  "pk": 5,
  "fields": {
    "text": "Все эти элементы составляют основу деловой коммуникации и помогают обеспечить эффективное взаимодействие в рамках бизнес-среды и ежедневной деловой коммуникации. Это лишь часть из возможных составляющих нашего навыка. Узнаем о нем поподробнее?",
    "files": []
  }
},
{
  "model": "questions.infoslide",
  "pk": 6,
  "fields": {
    "text": "1. Определить свои цели и интересы.  Перед началом переговоров определите, что именно вы хотите достичь. Сформулируйте четкие цели и интересы, которые вы хотите защитить или достичь в ходе переговоров.\r\n2. Исследовать ситуацию. Соберите информацию о сторонах, участвующих в переговорах, и о предмете обсуждения. Изучите предыдущие мероприятия в школе, отзывы подростков, факты и любую другую информацию, которая может быть полезной для вашего аргумента.\r\n3. Подготовить аргументацию. Разработайте аргументацию, которая поддержит ваши интересы. Подготовьте конкретные примеры, факты и данные, которые подтверждают вашу позицию.\r\n4. Улучшить свои навыки коммуникации и слушания. Подготовьтесь к эффективному общению в ходе переговоров. Разработайте стратегии для улучшения своих навыков активного слушания, эмпатии и убеждения.\r\n5. Предусмотреть варианты компромисса и готовность к соглашению. Будьте готовы к компромиссам и сотрудничеству. Подумайте заранее о возможных вариантах компромисса и условиях, которые могут быть приемлемы для всех сторон.\r\n6. Подготовиться к эмоциональному управлению. Ожидайте, что переговоры могут быть эмоционально напряженными. Подготовьтесь к управлению своими эмоциями и эмоциями других участников переговоров.\r\n7. Практиковать стратегию переговоров и обратиться за обратной связью: Практикуйте вашу стратегию и аргументацию перед началом переговоров. Обратитесь за обратной связью к друзьям, чтобы улучшить свои навыки и подготовиться к возможным сценариям.\r\n8. Подготовить план действий на случай неудачи переговоров. Продумайте план «отхода»: как вы будете действовать, если исход переговоров будет неудачным? Вы должны быть готовы ко всему.",
    "files": []
  }
},
{
  "model": "questions.infoslide",
  "pk": 7,
  "fields": {
    "text": "Давай попробуем смоделировать переговоры! Мы выступим в роли директора, с тебя - наша структура!",
    "files": [
      "https://9215ce65-da19-44a6-ab96-9d424d6a2302.selstorage.ru/кот3.webp"
    ]
  }
},
{
  "model": "questions.infoslide",
  "pk": 8,
  "fields": {
    "text": "Директор: А ты молодец, далеко пойдешь. Хорошо, я передам своему заместителю о вашей идеи, попрошу вам помочь. Спасибо, что заботитесь о будущем школы!",
    "files": []
  }
},
{
  "model": "questions.infoslide",
  "pk": 9,
  "fields": {
    "text": "Работа над ошибками (своими и других!) очень помогает развивать любой из навыков. Давай сверимся, удалось ли тебе найти и сформулировать все ошибки в письме?\r\n1. Прежде всего, в письме отсутствует самопрезентация. Важно не забывать об этом даже в неформальном общении.\r\nПример: Привет, это Сережа! \r\n2. Из письма понятно, что вы с собеседником не друзья, а скорее недавние знакомые. Важно напомнить человеку, как/где вы познакомились или в чем состоит ваша «связь»\r\nПример: Мы были вместе с тобой в профориентационном лагере, в 12-ом отряде.\r\n3. Не стоит использовать выражения по формату «пишу всем». Это серьезное обесценивание. Даже, если это, действительно, общая рассылка в письме должно сложиться совсем другое впечатление.\r\nПример: пишу тебе с запросом на помощь в организации фестиваля в нашей области.\r\n4. В письме отсутствуют подробности о фестивале. Идеальный вариант – прикрепить презентацию с информацией в дополнение к письму.\r\n5. «Может быть ты сможешь мне помочь? Что ты умеешь?» Конкретизируй запрос к каждому человеку в рассылке. Подумай и проанализируй, в чем конкретно от него тебе может понадобиться помощь.\r\nПример: Я помню, что ты отлично рисуешь граффити. Ты бы не хотел оформить своей работой один из фасадов здания нашего фестиваля? \r\n\r\nОтлично! Теперь мы точно готовы к написанию писем. Можем идти дальше :)",
    "files": []
  }
},
{
  "model": "questions.questionwrite",
  "pk": 1,
  "fields": {
    "text": "Как ты считаешь, в чем разница этих писем?",
    "description": "В каких случаях их можно использовать?",
    "files": []
  }
},
{
  "model": "questions.questionwrite",
  "pk": 2,
  "fields": {
    "text": "Директор: Ваня, здравствуйте!",
    "description": "Ты: (вписать)",
    "files": []
  }
},
{
  "model": "questions.questionwrite",
  "pk": 3,
  "fields": {
    "text": "Директор: Какой у тебя вопрос? У меня не так много времени для обсуждения.",
    "description": "Ты: (расскажи о проблеме, которую заметил)",
    "files": []
  }
},
{
  "model": "questions.questionwrite",
  "pk": 4,
  "fields": {
    "text": "Директор: Сомневаюсь, что такая проблема есть. Зачем нам это нужно?",
    "description": "Ты: (приведи аргументы, конкретную статистику)",
    "files": []
  }
},
{
  "model": "questions.questionwrite",
  "pk": 5,
  "fields": {
    "text": "Директор: Занимательно. И что ты предлагаешь?",
    "description": "Ты: (расскажи о своей идеи)",
    "files": []
  }
},
{
  "model": "questions.questionwrite",
  "pk": 6,
  "fields": {
    "text": "Директор: Очень сложно в реализации! Не уверен, что вы справитесь…очень рискованно.",
    "description": "Ты: (согласись с возражением, приведи контраргументы)",
    "files": []
  }
},
{
  "model": "questions.questionwrite",
  "pk": 7,
  "fields": {
    "text": "Директор: Звучит убедительно. Хорошо, тогда вернемся в следующем месяце?",
    "description": "Ты: (зафиксируй договоренности сейчас)",
    "files": []
  }
},
{
  "model": "questions.questionwrite",
  "pk": 8,
  "fields": {
    "text": "Задание",
    "description": "Твой знакомый организовывает свой первый ивент - культурный фестиваль. Он написал тебе письмо Вконтакте, где предложил на нем поработать:\r\n\r\nХай!\r\n\r\nМы с тобой встречались когда-то, сейчас пишу всем своим друзьям о помощи. Я этим летом буду организовывать фестиваль в области. Там будут наверное музыканты, еда вкусная, художники. Мы будем делать крутые граффити на стенах.\r\n\r\nМожет быть сможешь мне помочь? Что ты умеешь?\r\n\r\nКакие основные ошибки ты можешь выделить в этом письме?",
    "files": []
  }
},
{
  "model": "questions.questionwrite",
  "pk": 9,
  "fields": {
    "text": "Задание",
    "description": "Давай потренируемся в письмах партнёрам. На основе анализа ошибок, напиши пример письма знакомому, которого хочешь привлечь к реализации культурного фестиваля, который пройдет уже этим летом:",
    "files": []
  }
},
{
  "model": "questions.questionwrite",
  "pk": 10,
  "fields": {
    "text": "Задание 1",
    "description": "Каждому проекту нужны ресурсы. И это необязательно деньги. Помещения, волонтеры, материалы и многое другое – всё это мы можем искать среди наших партнёров. Составь список потенциальных партнеров, включающий в себя:\r\n\r\n1. Название организации\r\n2. ФИО руководителя\r\n3. Почта/контакт в социальных сетях\r\n4. Какой ресурс партнер может потенциально предоставить?\r\n\r\nНапиши ответ ниже. Это та база, которая поможет тебе структурировать работу с партнерами и в дальнейшем наладить деловую коммуникацию.",
    "files": []
  }
},
{
  "model": "questions.questionwrite",
  "pk": 11,
  "fields": {
    "text": "Задание",
    "description": "Проект есть и он замечательный, переговоры вести мы уже научились, у тебя даже есть база потенциальных партнеров! Осталось к ним обратиться. Напиши текст письма, которые ты отправишь, возможно, уже сегодня 🙂",
    "files": []
  }
},
{
  "model": "questions.questionwrite",
  "pk": 12,
  "fields": {
    "text": "Задание",
    "description": "Ниже напиши о своих дальнейших шагах в переговорах: есть ли первые результаты? Как и с кем ты продолжишь взаимодействие? До встречи в следующем месяце!",
    "files": []
  }
},
{
  "model": "questions.questionwrite",
  "pk": 13,
  "fields": {
    "text": "Самооценка",
    "description": "Оцените свои коммуникативные навыки по шкале от 1 до 5, где 1 - очень низкий, 5 - очень высокий.",
    "files": []
  }
},
{
  "model": "questions.answersingle",
  "pk": 1,
  "fields": {
    "text": "Личные встречи и прямое общение",
    "is_correct": false,
    "question": 1
  }
},
{
  "model": "questions.answersingle",
  "pk": 2,
  "fields": {
    "text": "Электронная почта и видеоконференции",
    "is_correct": false,
    "question": 1
  }
},
{
  "model": "questions.answersingle",
  "pk": 3,
  "fields": {
    "text": "Телефонные звонки и голосовые сообщения",
    "is_correct": false,
    "question": 1
  }
},
{
  "model": "questions.answersingle",
  "pk": 4,
  "fields": {
    "text": "На публичных выступлениях и презентациях",
    "is_correct": false,
    "question": 2
  }
},
{
  "model": "questions.answersingle",
  "pk": 5,
  "fields": {
    "text": "Через письменные сообщения и презентации",
    "is_correct": false,
    "question": 2
  }
},
{
  "model": "questions.answersingle",
  "pk": 6,
  "fields": {
    "text": "В индивидуальных беседах",
    "is_correct": false,
    "question": 2
  }
},
{
  "model": "questions.answersingle",
  "pk": 7,
  "fields": {
    "text": "Принимаю как возможность для улучшения и развития",
    "is_correct": false,
    "question": 3
  }
},
{
  "model": "questions.answersingle",
  "pk": 8,
  "fields": {
    "text": "Реагирую аналитически и стараюсь понять причины",
    "is_correct": false,
    "question": 3
  }
},
{
  "model": "questions.answersingle",
  "pk": 9,
  "fields": {
    "text": "Могу отрицать критику или реагировать эмоционально",
    "is_correct": false,
    "question": 3
  }
},
{
  "model": "questions.answersingle",
  "pk": 10,
  "fields": {
    "text": "Как лидер и вдохновитель",
    "is_correct": false,
    "question": 4
  }
},
{
  "model": "questions.answersingle",
  "pk": 11,
  "fields": {
    "text": "Как эксперт и профессионал в своей области",
    "is_correct": false,
    "question": 4
  }
},
{
  "model": "questions.answersingle",
  "pk": 12,
  "fields": {
    "text": "Как член команды, готовый к сотрудничеству и поддержке",
    "is_correct": false,
    "question": 4
  }
},
{
  "model": "questions.answersingle",
  "pk": 13,
  "fields": {
    "text": "С помощью открытого диалога и поиска компромисса",
    "is_correct": false,
    "question": 5
  }
},
{
  "model": "questions.answersingle",
  "pk": 14,
  "fields": {
    "text": "С привлечением друзей и помощников",
    "is_correct": false,
    "question": 5
  }
},
{
  "model": "questions.answersingle",
  "pk": 15,
  "fields": {
    "text": "Путем жесткого принятия решений и давления",
    "is_correct": false,
    "question": 5
  }
},
{
  "model": "questions.answersingle",
  "pk": 22,
  "fields": {
    "text": "Устное общение",
    "is_correct": false,
    "question": 7
  }
},
{
  "model": "questions.answersingle",
  "pk": 23,
  "fields": {
    "text": "Письменная коммуникация",
    "is_correct": false,
    "question": 7
  }
},
{
  "model": "questions.answersingle",
  "pk": 24,
  "fields": {
    "text": "Электронная коммуникация",
    "is_correct": false,
    "question": 7
  }
},
{
  "model": "questions.answersingle",
  "pk": 25,
  "fields": {
    "text": "Презентации и демонстрации",
    "is_correct": false,
    "question": 7
  }
},
{
  "model": "questions.answersingle",
  "pk": 26,
  "fields": {
    "text": "Межкультурная коммуникация",
    "is_correct": false,
    "question": 7
  }
},
{
  "model": "questions.answersingle",
  "pk": 27,
  "fields": {
    "text": "Управление конфликтами и отношениями",
    "is_correct": false,
    "question": 7
  }
},
{
  "model": "questions.answersingle",
  "pk": 28,
  "fields": {
    "text": "Узнаю о культурных особенностях семьи соседа. Это может включать в себя религиозные праздники.",
    "is_correct": false,
    "question": 8
  }
},
{
  "model": "questions.answersingle",
  "pk": 29,
  "fields": {
    "text": "Вызову полицию. Как можно так долго слушать музыку, которая мне не нравится?",
    "is_correct": true,
    "question": 8
  }
},
{
  "model": "questions.answersingle",
  "pk": 30,
  "fields": {
    "text": "Приду в гости и попробую провести им лекцию о нашей культуре.",
    "is_correct": true,
    "question": 8
  }
},
{
  "model": "questions.answersingle",
  "pk": 31,
  "fields": {
    "text": "Найду общие темы для разговора, которые могут сплотить нас с соседями.",
    "is_correct": false,
    "question": 8
  }
},
{
  "model": "questions.answersingle",
  "pk": 32,
  "fields": {
    "text": "Предложу свою помощь и поддержку соседям при необходимости.",
    "is_correct": false,
    "question": 8
  }
},
{
  "model": "questions.answersingle",
  "pk": 33,
  "fields": {
    "text": "Позвонить по телефону компании",
    "is_correct": false,
    "question": 9
  }
},
{
  "model": "questions.answersingle",
  "pk": 34,
  "fields": {
    "text": "Сходить в офис организации",
    "is_correct": false,
    "question": 9
  }
},
{
  "model": "questions.answersingle",
  "pk": 35,
  "fields": {
    "text": "Написать официальное письмо",
    "is_correct": false,
    "question": 9
  }
},
{
  "model": "questions.answersingle",
  "pk": 36,
  "fields": {
    "text": "Найти контакты другого сотрудника",
    "is_correct": false,
    "question": 9
  }
},
{
  "model": "questions.answersingle",
  "pk": 37,
  "fields": {
    "text": "Расширить список возможных партнеров",
    "is_correct": false,
    "question": 9
  }
},
{
  "model": "questions.answersingle",
  "pk": 38,
  "fields": {
    "text": "Провести работу над ошибками в письме",
    "is_correct": false,
    "question": 9
  }
},
{
  "model": "questions.answerconnect",
  "pk": 1,
  "fields": {
    "connect_left": "формальное",
    "connect_right": null,
    "file_left": null,
    "file_right": "https://9215ce65-da19-44a6-ab96-9d424d6a2302.selstorage.ru/формальное.webp",
    "question": 1
  }
},
{
  "model": "questions.answerconnect",
  "pk": 2,
  "fields": {
    "connect_left": "неформальное",
    "connect_right": null,
    "file_left": null,
    "file_right": "https://9215ce65-da19-44a6-ab96-9d424d6a2302.selstorage.ru/неформальное.webp",
    "question": 1
  }
},
{
  "model": "questions.answerconnect",
  "pk": 3,
  "fields": {
    "connect_left": "1",
    "connect_right": "Определить свои цели и интересы.",
    "file_left": null,
    "file_right": null,
    "question": 2
  }
},
{
  "model": "questions.answerconnect",
  "pk": 4,
  "fields": {
    "connect_left": "2",
    "connect_right": "Исследовать ситуацию.",
    "file_left": null,
    "file_right": null,
    "question": 2
  }
},
{
  "model": "questions.answerconnect",
  "pk": 5,
  "fields": {
    "connect_left": "3",
    "connect_right": "Подготовить аргументацию.",
    "file_left": null,
    "file_right": null,
    "question": 2
  }
},
{
  "model": "questions.answerconnect",
  "pk": 6,
  "fields": {
    "connect_left": "4",
    "connect_right": "Улучшить свои навыки коммуникации и слушания.",
    "file_left": null,
    "file_right": null,
    "question": 2
  }
},
{
  "model": "questions.answerconnect",
  "pk": 7,
  "fields": {
    "connect_left": "5",
    "connect_right": "Предусмотреть варианты компромисса.",
    "file_left": null,
    "file_right": null,
    "question": 2
  }
},
{
  "model": "questions.answerconnect",
  "pk": 8,
  "fields": {
    "connect_left": "6",
    "connect_right": "Подготовиться к эмоциональному управлению.",
    "file_left": null,
    "file_right": null,
    "question": 2
  }
},
{
  "model": "questions.answerconnect",
  "pk": 9,
  "fields": {
    "connect_left": "7",
    "connect_right": "Практиковать стратегию переговоров.",
    "file_left": null,
    "file_right": null,
    "question": 2
  }
},
{
  "model": "questions.answerconnect",
  "pk": 10,
  "fields": {
    "connect_left": "8",
    "connect_right": "Подготовить план действий на случай неудачи.",
    "file_left": null,
    "file_right": null,
    "question": 2
  }
},
{
  "model": "questions.answerconnect",
  "pk": 11,
  "fields": {
    "connect_left": "Установление контакта",
    "connect_right": "Приветствие и введение",
    "file_left": null,
    "file_right": null,
    "question": 3
  }
},
{
  "model": "questions.answerconnect",
  "pk": 12,
  "fields": {
    "connect_left": "Выявление потребностей",
    "connect_right": "Формулировка проблемы",
    "file_left": null,
    "file_right": null,
    "question": 3
  }
},
{
  "model": "questions.answerconnect",
  "pk": 13,
  "fields": {
    "connect_left": "Презентация идеи",
    "connect_right": "Аргументация выгод решений",
    "file_left": null,
    "file_right": null,
    "question": 3
  }
},
{
  "model": "questions.answerconnect",
  "pk": 14,
  "fields": {
    "connect_left": "Работа с возражениями",
    "connect_right": "Уточнение деталей и выявление общих интересов",
    "file_left": null,
    "file_right": null,
    "question": 3
  }
},
{
  "model": "questions.answerconnect",
  "pk": 15,
  "fields": {
    "connect_left": "Фиксация переговоров",
    "connect_right": "Подведение итогов и выражение благодарности",
    "file_left": null,
    "file_right": null,
    "question": 3
  }
}
]
